Model,Subgroup_variable,Subgroup_level,n_respondents,n_choice_sets,n_observations,Variable,Coefficient,SE,z_value,p_value,Odds_Ratio,Significance
M56 full-sample reference,Full sample,Full sample,106,1036,2072,"Purchase_PriceRMB 150,000–170,000",-0.011531049387909012,0.2316278551442155,-0.04978265407987991,0.9602955895812548,0.9885351783591877,
M56 full-sample reference,Full sample,Full sample,106,1036,2072,"Purchase_PriceRMB 190,000–210,000",-0.18857040177666393,0.19888785949049415,-0.948124245792271,0.3430662064506266,0.8281421987041685,
M56 full-sample reference,Full sample,Full sample,106,1036,2072,Monthly_Operating_CostRMB 300/month,1.0185736774508356,0.2687369914629049,3.7902250520335765,1.5051085374125396e-4,2.769242113286731,***
M56 full-sample reference,Full sample,Full sample,106,1036,2072,Monthly_Operating_CostRMB 600/month,0.5364872647806799,0.20319798435450442,2.640219421885162,0.008285236547366542,1.7099895592269247,**
M56 full-sample reference,Full sample,Full sample,106,1036,2072,Cabin_ComfortImproved,-1.3773830941385985,1.3552204555294063,-1.0163535301719855,0.30946106605399276,0.25223777263143665,
M56 full-sample reference,Full sample,Full sample,106,1036,2072,Cabin_ComfortPremium,-0.4144676762710206,0.48137774447986315,-0.8610029878279063,0.3892363974838511,0.6606918890820414,
M56 full-sample reference,Full sample,Full sample,106,1036,2072,PowertrainBEV,-0.1870826155159116,0.23312749586878545,-0.8024905634520694,0.4222692448583702,0.8293752142937357,
M56 full-sample reference,Full sample,Full sample,106,1036,2072,ReliabilityHigh,-0.232287521481577,0.5571445454177747,-0.4169250572262109,0.6767332249457041,0.7927181670352327,
M56 full-sample reference,Full sample,Full sample,106,1036,2072,ReliabilityMedium,0.6057750008559785,0.33217572809421325,1.8236582315375123,0.06820375714757129,1.8326719810064138,.
M56 full-sample reference,Full sample,Full sample,106,1036,2072,Smart_CockpitAdvanced,0.2378623744523047,0.24483880284786183,0.9715060345238979,0.33129634957042653,1.268534598042009,
M56 full-sample reference,Full sample,Full sample,106,1036,2072,Smart_CockpitIntermediate,0.37010634014350263,0.24218140926204654,1.5282194503337703,0.12645806115679636,1.447888575155947,
M56 full-sample reference,Full sample,Full sample,106,1036,2072,Convenience_intDifficult,-0.34670099828668505,0.16819765926816607,-2.0612712435784974,0.039277170036163433,0.7070166958599415,*
M56 full-sample reference,Full sample,Full sample,106,1036,2072,Convenience_intEasy,0.23672605668759936,0.25879194620611495,0.9147350223142523,0.36033075375985063,1.2670939583103855,
M56 full-sample reference,Full sample,Full sample,106,1036,2072,BEV_Easy,0.24972630179590205,0.5578407008744041,0.4476659759756882,0.6543942803537703,1.2836740293264164,
M56 full-sample reference,Full sample,Full sample,106,1036,2072,PowertrainBEV:ReliabilityHigh,-0.4194459140451615,0.46934376119305016,-0.8936859264496227,0.3714899574032214,0.6574109811085999,
M56 full-sample reference,Full sample,Full sample,106,1036,2072,PowertrainBEV:ReliabilityMedium,-0.15507413309271734,0.49380262657594876,-0.3140407214275243,0.7534901108655381,0.8563516911311055,
M56 full-sample reference,Full sample,Full sample,106,1036,2072,PowertrainBEV:Smart_CockpitAdvanced,0.3921660649978265,0.2943478632494686,1.3323217660508515,0.1827544777152339,1.4801834976627983,
M56 full-sample reference,Full sample,Full sample,106,1036,2072,PowertrainBEV:Smart_CockpitIntermediate,0.004761432406397366,0.2873937912253979,0.016567624464312307,0.9867815529470186,1.0047727860383757,
M56 subgroup: Charging_access_binary = Home charging access,Charging_access_binary,Home charging access,53,517,1034,"Purchase_PriceRMB 150,000–170,000",-0.19435668812830334,0.3464239159707361,-0.5610371546770503,0.5747722087568395,0.8233641676616356,
M56 subgroup: Charging_access_binary = Home charging access,Charging_access_binary,Home charging access,53,517,1034,"Purchase_PriceRMB 190,000–210,000",-0.28069692122234163,0.29436640958268007,-0.9535630156317172,0.34030488423963257,0.7552572032259491,
M56 subgroup: Charging_access_binary = Home charging access,Charging_access_binary,Home charging access,53,517,1034,Monthly_Operating_CostRMB 300/month,0.7862633042695419,0.32893112104808525,2.39035850959995,0.01683193332006598,2.195178367991376,*
M56 subgroup: Charging_access_binary = Home charging access,Charging_access_binary,Home charging access,53,517,1034,Monthly_Operating_CostRMB 600/month,0.5109469789698244,0.2315163984505863,2.2069580487141103,0.027316990330129718,1.6668689376127905,*
M56 subgroup: Charging_access_binary = Home charging access,Charging_access_binary,Home charging access,53,517,1034,Cabin_ComfortImproved,-0.32610175713256156,1.8887022118875765,-0.1726591704505149,0.8629193389632374,0.7217317423424189,
M56 subgroup: Charging_access_binary = Home charging access,Charging_access_binary,Home charging access,53,517,1034,Cabin_ComfortPremium,-0.35971495065612175,0.6476793720467999,-0.5553904697000749,0.5786276098478227,0.6978752265969024,
M56 subgroup: Charging_access_binary = Home charging access,Charging_access_binary,Home charging access,53,517,1034,PowertrainBEV,-0.08961945323754283,0.3470870934882323,-0.2582045109683149,0.7962490766938106,0.9142790450091424,
M56 subgroup: Charging_access_binary = Home charging access,Charging_access_binary,Home charging access,53,517,1034,ReliabilityHigh,-0.19683362079172909,0.8267273609722172,-0.23808770591583678,0.8118130698637986,0.8213272737268147,
M56 subgroup: Charging_access_binary = Home charging access,Charging_access_binary,Home charging access,53,517,1034,ReliabilityMedium,0.5127784605093356,0.47469672830163145,1.080223287706138,0.28004276058839916,1.6699245746180633,
M56 subgroup: Charging_access_binary = Home charging access,Charging_access_binary,Home charging access,53,517,1034,Smart_CockpitAdvanced,0.06432883317191822,0.3796279007836463,0.16945233224198625,0.8654408634314722,1.0664430229518207,
M56 subgroup: Charging_access_binary = Home charging access,Charging_access_binary,Home charging access,53,517,1034,Smart_CockpitIntermediate,0.15659734257037114,0.3872466223026363,0.4043865938435199,0.6859284569416622,1.1695246013090668,
M56 subgroup: Charging_access_binary = Home charging access,Charging_access_binary,Home charging access,53,517,1034,Convenience_intDifficult,-0.2671118511915989,0.24992730067834099,-1.0687581967500805,0.2851786404042598,0.7655874348093257,
M56 subgroup: Charging_access_binary = Home charging access,Charging_access_binary,Home charging access,53,517,1034,Convenience_intEasy,0.3179943217463346,0.40555883269933607,0.7840892519337187,0.4329877416246055,1.3743684571926749,
M56 subgroup: Charging_access_binary = Home charging access,Charging_access_binary,Home charging access,53,517,1034,BEV_Easy,-0.03340639153409796,0.8762157497384402,-0.038125760172731574,0.9695874125900353,0.9671454399951496,
M56 subgroup: Charging_access_binary = Home charging access,Charging_access_binary,Home charging access,53,517,1034,PowertrainBEV:ReliabilityHigh,0.03946603589037447,0.6801904298902632,0.05802203935262897,0.9537310732332245,1.0402551669444238,
M56 subgroup: Charging_access_binary = Home charging access,Charging_access_binary,Home charging access,53,517,1034,PowertrainBEV:ReliabilityMedium,0.2597346822274269,0.6950477296801232,0.37369330354760344,0.7086325079780003,1.296586033707695,
M56 subgroup: Charging_access_binary = Home charging access,Charging_access_binary,Home charging access,53,517,1034,PowertrainBEV:Smart_CockpitAdvanced,0.05720807021782647,0.37784402493948177,0.1514065763696788,0.8796550020758503,1.058876108058469,
M56 subgroup: Charging_access_binary = Home charging access,Charging_access_binary,Home charging access,53,517,1034,PowertrainBEV:Smart_CockpitIntermediate,-0.10533439962397136,0.46562578325308973,-0.2262211488548887,0.82102942252972555,0.9000235047373933,
M56 subgroup: Charging_access_binary = No/uncertain charging access,Charging_access_binary,No/uncertain charging access,53,519,1038,"Purchase_PriceRMB 150,000–170,000",0.15191296748186947,0.30732090034252296,0.4943138176172061,0.621084568151411,1.1640589210441588,
M56 subgroup: Charging_access_binary = No/uncertain charging access,Charging_access_binary,No/uncertain charging access,53,519,1038,"Purchase_PriceRMB 190,000–210,000",-0.10623023257410372,0.2616989155366333,-0.405925383207151,0.6847974267888122,0.8992175950600743,
M56 subgroup: Charging_access_binary = No/uncertain charging access,Charging_access_binary,No/uncertain charging access,53,519,1038,Monthly_Operating_CostRMB 300/month,1.2753074264437718,0.43138171698398203,2.956331657632876,0.0031132212667180467,3.5798017666800965,**
M56 subgroup: Charging_access_binary = No/uncertain charging access,Charging_access_binary,No/uncertain charging access,53,519,1038,Monthly_Operating_CostRMB 600/month,0.5876890951424425,0.3366113171962081,1.7458982069812081,0.08082864151280357,1.7998243830001759,.
M56 subgroup: Charging_access_binary = No/uncertain charging access,Charging_access_binary,No/uncertain charging access,53,519,1038,Cabin_ComfortImproved,-2.2813273043642144,1.9733234162863988,-1.1560838357948686,0.24764686703845026,0.1021485345006534,
M56 subgroup: Charging_access_binary = No/uncertain charging access,Charging_access_binary,No/uncertain charging access,53,519,1038,Cabin_ComfortPremium,-0.4270063873630873,0.7003544410586102,-0.6097004064365641,0.5420602852711977,0.6524593847196009,
M56 subgroup: Charging_access_binary = No/uncertain charging access,Charging_access_binary,No/uncertain charging access,53,519,1038,PowertrainBEV,-0.27503398026250925,0.30783183313548684,-0.8934552916801747,0.37161340414283556,0.7595463132033448,
M56 subgroup: Charging_access_binary = No/uncertain charging access,Charging_access_binary,No/uncertain charging access,53,519,1038,ReliabilityHigh,-0.20807036491436734,0.7698169959391721,-0.2702854912426592,0.7869406264293763,0.8121498878440134,
M56 subgroup: Charging_access_binary = No/uncertain charging access,Charging_access_binary,No/uncertain charging access,53,519,1038,ReliabilityMedium,0.6750098811316814,0.46288201940289075,1.4582763054880197,0.14476439855720294,1.9640523829341905,
M56 subgroup: Charging_access_binary = No/uncertain charging access,Charging_access_binary,No/uncertain charging access,53,519,1038,Smart_CockpitAdvanced,0.388918966037506,0.33751008071830735,1.1523180736106828,0.24919039271768081,1.4753849901969043,
M56 subgroup: Charging_access_binary = No/uncertain charging access,Charging_access_binary,No/uncertain charging access,53,519,1038,Smart_CockpitIntermediate,0.5748011889152929,0.31121870219038145,1.8469365268532945,0.06475634007011533,1.776777248785284,.
M56 subgroup: Charging_access_binary = No/uncertain charging access,Charging_access_binary,No/uncertain charging access,53,519,1038,Convenience_intDifficult,-0.4596174266736575,0.22543410169414357,-2.038810558028354,0.04146893817935552,0.6315252039950241,*
M56 subgroup: Charging_access_binary = No/uncertain charging access,Charging_access_binary,No/uncertain charging access,53,519,1038,Convenience_intEasy,0.19204705211066408,0.3231839129996879,0.5942345654774269,0.5523552369650583,1.2117275299614336,
M56 subgroup: Charging_access_binary = No/uncertain charging access,Charging_access_binary,No/uncertain charging access,53,519,1038,BEV_Easy,0.4806401418766321,0.6972477691826652,0.6893390888006038,0.49060990490787676,1.617109250282951,
M56 subgroup: Charging_access_binary = No/uncertain charging access,Charging_access_binary,No/uncertain charging access,53,519,1038,PowertrainBEV:ReliabilityHigh,-0.8584006816158911,0.6472097361629364,-1.3263099018025077,0.1847370683698081,0.42383939469015164,
M56 subgroup: Charging_access_binary = No/uncertain charging access,Charging_access_binary,No/uncertain charging access,53,519,1038,PowertrainBEV:ReliabilityMedium,-0.5124755066415058,0.7036451803248269,-0.7283152375248693,0.46642063683270696,0.5990108864598102,
M56 subgroup: Charging_access_binary = No/uncertain charging access,Charging_access_binary,No/uncertain charging access,53,519,1038,PowertrainBEV:Smart_CockpitAdvanced,0.7214353500954347,0.43752882352448574,1.648886453431703,0.09917089889164293,2.0573841588641186,.
M56 subgroup: Charging_access_binary = No/uncertain charging access,Charging_access_binary,No/uncertain charging access,53,519,1038,PowertrainBEV:Smart_CockpitIntermediate,0.112858010471043,0.3351234427085337,0.33676549022921914,0.7362936898059517,1.1194729682237516,
"M56 subgroup: Income_binary = >15,000 RMB",Income_binary,">15,000 RMB",36,348,696,"Purchase_PriceRMB 150,000–170,000",0.1430483526487733,0.45595410646467077,0.31373410310508365,0.7537229970172212,1.1537855889066093,
"M56 subgroup: Income_binary = >15,000 RMB",Income_binary,">15,000 RMB",36,348,696,"Purchase_PriceRMB 190,000–210,000",0.21063811859357243,0.39420947384432087,0.5343304323445979,0.5931129407928278,1.234465544092697,
"M56 subgroup: Income_binary = >15,000 RMB",Income_binary,">15,000 RMB",36,348,696,Monthly_Operating_CostRMB 300/month,1.2935744598034367,0.537372666184334,2.4072204285874563,0.01607446436470847,3.6457950405733355,*
"M56 subgroup: Income_binary = >15,000 RMB",Income_binary,">15,000 RMB",36,348,696,Monthly_Operating_CostRMB 600/month,0.6852316669049788,0.4196532791511797,1.6328519302672355,0.10250014212510491,1.9842314630566698,
"M56 subgroup: Income_binary = >15,000 RMB",Income_binary,">15,000 RMB",36,348,696,Cabin_ComfortImproved,-5.255073854116441,2.523053604293677,-2.082822911559815,0.03726736835687969,0.005220960688301043,*
"M56 subgroup: Income_binary = >15,000 RMB",Income_binary,">15,000 RMB",36,348,696,Cabin_ComfortPremium,-1.1947297217518624,0.944946807188329,-1.264335423606285,0.20610966025622976,0.3027857795338918,
"M56 subgroup: Income_binary = >15,000 RMB",Income_binary,">15,000 RMB",36,348,696,PowertrainBEV,-0.027752784712488644,0.3893631110545205,-0.07127738587593771,0.9431769929006298,0.9726287857873183,
"M56 subgroup: Income_binary = >15,000 RMB",Income_binary,">15,000 RMB",36,348,696,ReliabilityHigh,-1.3401551024000973,1.1126560279169277,-1.2044648739369026,0.22840995072673478,0.26180505883808974,
"M56 subgroup: Income_binary = >15,000 RMB",Income_binary,">15,000 RMB",36,348,696,ReliabilityMedium,0.4363074728728971,0.6460093747646037,0.6753887635638123,0.4994288025008951,1.546984377362089,
"M56 subgroup: Income_binary = >15,000 RMB",Income_binary,">15,000 RMB",36,348,696,Smart_CockpitAdvanced,0.5345753410390688,0.49037356988675523,1.090138975398942,0.2756519298245151,1.7067233129925596,
"M56 subgroup: Income_binary = >15,000 RMB",Income_binary,">15,000 RMB",36,348,696,Smart_CockpitIntermediate,0.4163634615968723,0.44013171481666896,0.9459974084582907,0.3441499080408492,1.516436935308822,
"M56 subgroup: Income_binary = >15,000 RMB",Income_binary,">15,000 RMB",36,348,696,Convenience_intDifficult,-0.5285825511867164,0.300754043905934,-1.7575243355731556,0.07882847759148352,0.5894398786747128,.
"M56 subgroup: Income_binary = >15,000 RMB",Income_binary,">15,000 RMB",36,348,696,Convenience_intEasy,0.8169423487465013,0.4822896440562381,1.693883247991202,0.09028747082428644,2.2635680437626386,.
"M56 subgroup: Income_binary = >15,000 RMB",Income_binary,">15,000 RMB",36,348,696,BEV_Easy,-0.481910693098516,1.0648940316845013,-0.45254333178692546,0.6508776122204675,0.6176022154420522,
"M56 subgroup: Income_binary = >15,000 RMB",Income_binary,">15,000 RMB",36,348,696,PowertrainBEV:ReliabilityHigh,-0.6816165499193358,0.9477692452965382,-0.7191798565969204,0.47203010898357484,0.5057986823051809,
"M56 subgroup: Income_binary = >15,000 RMB",Income_binary,">15,000 RMB",36,348,696,PowertrainBEV:ReliabilityMedium,-0.5002957037511674,0.9569663972328127,-0.5227933866829959,0.6011180422811861,0.60635133283648,
"M56 subgroup: Income_binary = >15,000 RMB",Income_binary,">15,000 RMB",36,348,696,PowertrainBEV:Smart_CockpitAdvanced,1.0347114772990855,0.5539863397073663,1.867756302160183,0.061796046893456164,2.8142941307305827,.
"M56 subgroup: Income_binary = >15,000 RMB",Income_binary,">15,000 RMB",36,348,696,PowertrainBEV:Smart_CockpitIntermediate,0.5134660770779369,0.48743041576382173,1.0534141089109434,0.2921512406193452,1.6710732372983714,
"M56 subgroup: Income_binary = ≤15,000 RMB",Income_binary,"≤15,000 RMB",70,688,1376,"Purchase_PriceRMB 150,000–170,000",-0.14916377130525582,0.2717252101398386,-0.5489507993332357,0.5830392149633321,0.8614280261539025,
"M56 subgroup: Income_binary = ≤15,000 RMB",Income_binary,"≤15,000 RMB",70,688,1376,"Purchase_PriceRMB 190,000–210,000",-0.4598618570280186,0.22758800616276556,-2.0205891548570283,0.04332231253228629,0.6313708589297016,*
"M56 subgroup: Income_binary = ≤15,000 RMB",Income_binary,"≤15,000 RMB",70,688,1376,Monthly_Operating_CostRMB 300/month,0.9227720284306297,0.29973808288438547,3.0785945501178102,0.0020797952130943644,2.5162558640237016,**
"M56 subgroup: Income_binary = ≤15,000 RMB",Income_binary,"≤15,000 RMB",70,688,1376,Monthly_Operating_CostRMB 600/month,0.4823755594624099,0.2200410759317187,2.1922068751022494,0.028364572264504766,1.619918046626369,*
"M56 subgroup: Income_binary = ≤15,000 RMB",Income_binary,"≤15,000 RMB",70,688,1376,Cabin_ComfortImproved,0.5941655583562209,1.6543441388740654,0.35915475165923194,0.7194793243059138,1.8115187074629397,
"M56 subgroup: Income_binary = ≤15,000 RMB",Income_binary,"≤15,000 RMB",70,688,1376,Cabin_ComfortPremium,0.07694809941156802,0.5646710320159036,0.13627066920160485,0.8916073101455155,1.0799860230279181,
"M56 subgroup: Income_binary = ≤15,000 RMB",Income_binary,"≤15,000 RMB",70,688,1376,PowertrainBEV,-0.18133138966071244,0.3041465622283198,-0.5961974001356253,0.5510433622515478,0.8341588812587971,
"M56 subgroup: Income_binary = ≤15,000 RMB",Income_binary,"≤15,000 RMB",70,688,1376,ReliabilityHigh,0.35191386826374393,0.6505792924192152,0.5409238694873498,0.5885600577647885,1.42178605754282,
"M56 subgroup: Income_binary = ≤15,000 RMB",Income_binary,"≤15,000 RMB",70,688,1376,ReliabilityMedium,0.654055364260837,0.39108169697676376,1.6724264247521097,0.09444026499519587,1.9233248176187103,.
"M56 subgroup: Income_binary = ≤15,000 RMB",Income_binary,"≤15,000 RMB",70,688,1376,Smart_CockpitAdvanced,0.1651852441718061,0.29782176989348236,0.5546446259817929,0.5791377586629125,1.1796116146498248,
"M56 subgroup: Income_binary = ≤15,000 RMB",Income_binary,"≤15,000 RMB",70,688,1376,Smart_CockpitIntermediate,0.4274824462356673,0.2987941377023009,1.4306922134516007,0.1525184458254318,1.533392262625743,
"M56 subgroup: Income_binary = ≤15,000 RMB",Income_binary,"≤15,000 RMB",70,688,1376,Convenience_intDifficult,-0.2926929815518376,0.20915942430117812,-1.3993774487080999,0.16169982577527547,0.7462512184208973,
"M56 subgroup: Income_binary = ≤15,000 RMB",Income_binary,"≤15,000 RMB",70,688,1376,Convenience_intEasy,-0.01474284201090913,0.30572859798312224,-0.04822199201568644,0.9615393234799499,0.985365301584113,
"M56 subgroup: Income_binary = ≤15,000 RMB",Income_binary,"≤15,000 RMB",70,688,1376,BEV_Easy,0.5495375311832336,0.6471922568453251,0.8491101761042386,0.39581998850491346,1.7324516277183255,
"M56 subgroup: Income_binary = ≤15,000 RMB",Income_binary,"≤15,000 RMB",70,688,1376,PowertrainBEV:ReliabilityHigh,-0.25823777277805354,0.5438780557679381,-0.4748082222464928,0.6349236719309459,0.7724115518302292,
"M56 subgroup: Income_binary = ≤15,000 RMB",Income_binary,"≤15,000 RMB",70,688,1376,PowertrainBEV:ReliabilityMedium,0.09534249074852245,0.5870441753213745,0.1624111008278511,0.8709821296992036,1.1000355426128219,
"M56 subgroup: Income_binary = ≤15,000 RMB",Income_binary,"≤15,000 RMB",70,688,1376,PowertrainBEV:Smart_CockpitAdvanced,-0.023994302237996548,0.3514605540585422,-0.06827025667864808,0.9455705006031185,0.9762912724173782,
"M56 subgroup: Income_binary = ≤15,000 RMB",Income_binary,"≤15,000 RMB",70,688,1376,PowertrainBEV:Smart_CockpitIntermediate,-0.37222122756803255,0.3552919501794328,-1.0476489190932976,0.2948003901030716,0.6892017552294545,
M56 subgroup: EV_experience = EV experience,EV_experience,EV experience,52,508,1016,"Purchase_PriceRMB 150,000–170,000",0.058687143487317905,0.3270796058282298,0.1794277064102194,0.8576018778187607,1.0604434222061028,
M56 subgroup: EV_experience = EV experience,EV_experience,EV experience,52,508,1016,"Purchase_PriceRMB 190,000–210,000",-0.36845925067515484,0.26377401960834246,-1.3968746854684602,0.16245125824396064,0.6917993993822084,
M56 subgroup: EV_experience = EV experience,EV_experience,EV experience,52,508,1016,Monthly_Operating_CostRMB 300/month,1.0764208608107946,0.41238597902122126,2.610226621587933,0.009048225954464827,2.9341589716246625,**
M56 subgroup: EV_experience = EV experience,EV_experience,EV experience,52,508,1016,Monthly_Operating_CostRMB 600/month,0.3987976766764627,0.28305929711064,1.4088838654912077,0.1588695111622303,1.4900321198576496,
M56 subgroup: EV_experience = EV experience,EV_experience,EV experience,52,508,1016,Cabin_ComfortImproved,-1.6750129562688874,1.900071353068102,-0.8815526604115124,0.37801876472569684,0.18730575268254002,
M56 subgroup: EV_experience = EV experience,EV_experience,EV experience,52,508,1016,Cabin_ComfortPremium,-0.10827191537714005,0.6684889220818507,-0.16196516023025895,0.8713332896775304,0.8973835508653948,
M56 subgroup: EV_experience = EV experience,EV_experience,EV experience,52,508,1016,PowertrainBEV,0.3279950377386857,0.32514452330089405,1.0087669151208607,0.31308643159761734,1.3881820837500696,
M56 subgroup: EV_experience = EV experience,EV_experience,EV experience,52,508,1016,ReliabilityHigh,0.025304375185206385,0.8205622370317721,0.03083785000482127,0.9753988548253593,1.0256272485037294,
M56 subgroup: EV_experience = EV experience,EV_experience,EV experience,52,508,1016,ReliabilityMedium,0.8385863140051115,0.5505877209169298,1.5230748564616714,0.12773997855291852,2.313094674775729,
M56 subgroup: EV_experience = EV experience,EV_experience,EV experience,52,508,1016,Smart_CockpitAdvanced,0.6455504313330963,0.39017139686063057,1.654530384664992,0.09801979493969883,1.9070364330391711,.
M56 subgroup: EV_experience = EV experience,EV_experience,EV experience,52,508,1016,Smart_CockpitIntermediate,0.735578348890311,0.39524865704273554,1.8610521143675334,0.06273681757392463,2.0866884775521712,.
M56 subgroup: EV_experience = EV experience,EV_experience,EV experience,52,508,1016,Convenience_intDifficult,-0.38546879569412273,0.2568120405116682,-1.500976336335792,0.13336168220853528,0.6801317186357041,
M56 subgroup: EV_experience = EV experience,EV_experience,EV experience,52,508,1016,Convenience_intEasy,0.0672055140740563,0.40242570574981884,0.16700104668720345,0.8673692253540083,1.0695152560276373,
M56 subgroup: EV_experience = EV experience,EV_experience,EV experience,52,508,1016,BEV_Easy,0.5427719492993167,0.8903916829325533,0.6095878473523785,0.5421348638965581,1.7207701449432964,
M56 subgroup: EV_experience = EV experience,EV_experience,EV experience,52,508,1016,PowertrainBEV:ReliabilityHigh,-0.8073849776645589,0.698698975585552,-1.1555548324482963,0.24786329207646904,0.4460229023746967,
M56 subgroup: EV_experience = EV experience,EV_experience,EV experience,52,508,1016,PowertrainBEV:ReliabilityMedium,-0.43737734999700056,0.7475699979792244,-0.5850654135121613,0.5585037336468516,0.6457277200780465,
M56 subgroup: EV_experience = EV experience,EV_experience,EV experience,52,508,1016,PowertrainBEV:Smart_CockpitAdvanced,0.6184999470051714,0.40954458313223113,1.5102139607727985,0.1309888375032771,1.8561416416664538,
M56 subgroup: EV_experience = EV experience,EV_experience,EV experience,52,508,1016,PowertrainBEV:Smart_CockpitIntermediate,-0.4138079347490007,0.43888705782407006,-0.9428574558579887,0.345753818557108,0.6611279187721608,
M56 subgroup: EV_experience = No EV experience,EV_experience,No EV experience,54,528,1056,"Purchase_PriceRMB 150,000–170,000",-0.1708157015641625,0.3589078343047871,-0.47593193917050186,0.6341228669871268,0.8429769184837825,
M56 subgroup: EV_experience = No EV experience,EV_experience,No EV experience,54,528,1056,"Purchase_PriceRMB 190,000–210,000",-0.11099654507984127,0.3299404867217105,-0.33641383687919973,0.7365588166136803,0.8949418408762967,
M56 subgroup: EV_experience = No EV experience,EV_experience,No EV experience,54,528,1056,Monthly_Operating_CostRMB 300/month,0.9352357109971778,0.3806839868141418,2.456724588874762,0.014021013096584071,2.547813934729891,*
M56 subgroup: EV_experience = No EV experience,EV_experience,No EV experience,54,528,1056,Monthly_Operating_CostRMB 600/month,0.6936915926004259,0.29806179303398633,2.3273415406225113,0.01994709449475192,2.0010891205192234,*
M56 subgroup: EV_experience = No EV experience,EV_experience,No EV experience,54,528,1056,Cabin_ComfortImproved,-0.8081761016571548,2.023512591280459,-0.3993926724941943,0.6896038922618845,0.4456701824963566,
M56 subgroup: EV_experience = No EV experience,EV_experience,No EV experience,54,528,1056,Cabin_ComfortPremium,-0.5919770518822077,0.7320128144610089,-0.8086976623736958,0.41868907311996123,0.5532324335782567,
M56 subgroup: EV_experience = No EV experience,EV_experience,No EV experience,54,528,1056,PowertrainBEV,-0.6519539368266607,0.3513466889052053,-1.8555858285107116,0.063512615176214,0.5210267281950768,.
M56 subgroup: EV_experience = No EV experience,EV_experience,No EV experience,54,528,1056,ReliabilityHigh,-0.44859253922892495,0.7880990826721951,-0.5692083001897291,0.5692147885223786,0.6385262200815254,
M56 subgroup: EV_experience = No EV experience,EV_experience,No EV experience,54,528,1056,ReliabilityMedium,0.31082593989617563,0.42454534209422073,0.7321383821170108,0.4640841088910893,1.3645516865058787,
M56 subgroup: EV_experience = No EV experience,EV_experience,No EV experience,54,528,1056,Smart_CockpitAdvanced,-0.14722503620153005,0.3153037232605634,-0.46693085219252223,0.6405493510507021,0.8630997268763595,
M56 subgroup: EV_experience = No EV experience,EV_experience,No EV experience,54,528,1056,Smart_CockpitIntermediate,0.06408049150959398,0.304819409869677,0.21022444580215893,0.8334925008623733,1.0661782136016849,
M56 subgroup: EV_experience = No EV experience,EV_experience,No EV experience,54,528,1056,Convenience_intDifficult,-0.3838577840766888,0.23928173485773724,-1.6042084629021431,0.10866810992088857,0.6812283018027534,
M56 subgroup: EV_experience = No EV experience,EV_experience,No EV experience,54,528,1056,Convenience_intEasy,0.4391178031413329,0.36323753563140015,1.208899852208372,0.2267013229563907,1.551338029116827,
M56 subgroup: EV_experience = No EV experience,EV_experience,No EV experience,54,528,1056,BEV_Easy,-0.18612064620410337,0.8022648524764772,-0.23199401747387471,0.8165426604227549,0.8301734316666143,
M56 subgroup: EV_experience = No EV experience,EV_experience,No EV experience,54,528,1056,PowertrainBEV:ReliabilityHigh,0.10073565639511185,0.7092236286913775,0.14203652038636114,0.8870511590127451,1.1059842432564766,
M56 subgroup: EV_experience = No EV experience,EV_experience,No EV experience,54,528,1056,PowertrainBEV:ReliabilityMedium,0.2513590247176699,0.7238989048138729,0.34722945848674647,0.7284189413375363,1.2857716252686853,
M56 subgroup: EV_experience = No EV experience,EV_experience,No EV experience,54,528,1056,PowertrainBEV:Smart_CockpitAdvanced,0.03615723251204214,0.4781619483366666,0.07561712645227968,0.939723710537178,1.0368188553085977,
M56 subgroup: EV_experience = No EV experience,EV_experience,No EV experience,54,528,1056,PowertrainBEV:Smart_CockpitIntermediate,0.330700846649998,0.42263627478290194,0.782471516009531,0.4339375187937605,1.3919433255087421,
M56 subgroup: Car_ownership = Car ownership,Car_ownership,Car ownership,89,867,1734,"Purchase_PriceRMB 150,000–170,000",0.09833726311338672,0.25632109200476344,0.3836487366071273,0.7012388124792447,1.1033348365074431,
M56 subgroup: Car_ownership = Car ownership,Car_ownership,Car ownership,89,867,1734,"Purchase_PriceRMB 190,000–210,000",-0.06374491235595867,0.21732930120770855,-0.2933102531583425,0.7692850172413301,0.9382443035366087,
M56 subgroup: Car_ownership = Car ownership,Car_ownership,Car ownership,89,867,1734,Monthly_Operating_CostRMB 300/month,1.088391705342959,0.29547869506093755,3.6834862328009685,2.3006571491473752e-4,2.969494408048299,***
M56 subgroup: Car_ownership = Car ownership,Car_ownership,Car ownership,89,867,1734,Monthly_Operating_CostRMB 600/month,0.5340015708763275,0.22503594483309453,2.372961223027671,0.01764611638638835,1.7057443269628543,*
M56 subgroup: Car_ownership = Car ownership,Car_ownership,Car ownership,89,867,1734,Cabin_ComfortImproved,-1.9216390742154352,1.43817826392193,-1.336161950449106,0.18149634475503076,0.14636685926588042,
M56 subgroup: Car_ownership = Car ownership,Car_ownership,Car ownership,89,867,1734,Cabin_ComfortPremium,-0.7721838443254472,0.5098014186214198,-1.5146757465162595,0.1298545393704827,0.4620030231415184,
M56 subgroup: Car_ownership = Car ownership,Car_ownership,Car ownership,89,867,1734,PowertrainBEV,-0.22917327819028077,0.24826660804797276,-0.9230934437465607,0.3559585109949759,0.7951907323554412,
M56 subgroup: Car_ownership = Car ownership,Car_ownership,Car ownership,89,867,1734,ReliabilityHigh,-0.40383583356318203,0.5930567788225736,-0.6809395794529797,0.49590972262612026,0.6677537350225836,
M56 subgroup: Car_ownership = Car ownership,Car_ownership,Car ownership,89,867,1734,ReliabilityMedium,0.7372593548834706,0.3571539480137154,2.0642620891738215,0.03899287341472671,2.0901991633039856,*
M56 subgroup: Car_ownership = Car ownership,Car_ownership,Car ownership,89,867,1734,Smart_CockpitAdvanced,0.13756924453914937,0.24185071491005666,0.5688188459162126,0.5694790837805692,1.1474811600252692,
M56 subgroup: Car_ownership = Car ownership,Car_ownership,Car ownership,89,867,1734,Smart_CockpitIntermediate,0.28389833366243267,0.25331319929782936,1.1207403895627377,0.26239838454877734,1.3282978807071593,
M56 subgroup: Car_ownership = Car ownership,Car_ownership,Car ownership,89,867,1734,Convenience_intDifficult,-0.3533641047319345,0.18707645289385358,-1.8888753729601229,0.05890853008751515,0.7023214282620536,.
M56 subgroup: Car_ownership = Car ownership,Car_ownership,Car ownership,89,867,1734,Convenience_intEasy,0.28631701353513495,0.28714986511666757,0.9970995926423499,0.3187161707450524,1.3315144964699774,
M56 subgroup: Car_ownership = Car ownership,Car_ownership,Car ownership,89,867,1734,BEV_Easy,0.33632507759247815,0.6156180262335192,0.5463210355456708,0.5848452790217235,1.3997939925180736,
M56 subgroup: Car_ownership = Car ownership,Car_ownership,Car ownership,89,867,1734,PowertrainBEV:ReliabilityHigh,-0.6919830133356517,0.5030422073873312,-1.3755963280489512,0.16894664416403113,0.5005824225649982,
M56 subgroup: Car_ownership = Car ownership,Car_ownership,Car ownership,89,867,1734,PowertrainBEV:ReliabilityMedium,-0.2566354580954624,0.5339231742436262,-0.4806598972951885,0.6307582374652728,0.7736501902800091,
M56 subgroup: Car_ownership = Car ownership,Car_ownership,Car ownership,89,867,1734,PowertrainBEV:Smart_CockpitAdvanced,0.5921009719449523,0.33524349761708094,1.7661818235211737,0.07736534947868119,1.8077825287148166,.
M56 subgroup: Car_ownership = Car ownership,Car_ownership,Car ownership,89,867,1734,PowertrainBEV:Smart_CockpitIntermediate,0.16102784230543216,0.3145577248122714,0.5119182572977149,0.6087082198756164,1.1747176752068684,
M56 subgroup: Car_ownership = No car ownership,Car_ownership,No car ownership,17,169,338,"Purchase_PriceRMB 150,000–170,000",-0.5364190435680739,0.5304212307937011,-1.0113076408449901,0.3118692101495542,0.5848387893033979,
M56 subgroup: Car_ownership = No car ownership,Car_ownership,No car ownership,17,169,338,"Purchase_PriceRMB 190,000–210,000",-0.8189810487799604,0.4965210609206252,-1.6494386910022418,0.09905779368593923,0.44088066159701494,.
M56 subgroup: Car_ownership = No car ownership,Car_ownership,No car ownership,17,169,338,Monthly_Operating_CostRMB 300/month,0.7313455507121167,0.6423370014448846,1.138569861407664,0.2548826049039026,2.07787461317998,
M56 subgroup: Car_ownership = No car ownership,Car_ownership,No car ownership,17,169,338,Monthly_Operating_CostRMB 600/month,0.56140489409256,0.4777221757628858,1.1751702612424038,0.23992660538609548,1.7531337382342764,
M56 subgroup: Car_ownership = No car ownership,Car_ownership,No car ownership,17,169,338,Cabin_ComfortImproved,1.5951283589268723,3.9316415978440755,0.4057156073945205,0.684951573205769,4.9289617077514425,
M56 subgroup: Car_ownership = No car ownership,Car_ownership,No car ownership,17,169,338,Cabin_ComfortPremium,1.485156453718317,1.4288981211904357,1.0393718290293585,0.298631840464093,4.415656204570712,
M56 subgroup: Car_ownership = No car ownership,Car_ownership,No car ownership,17,169,338,PowertrainBEV,-0.0449383125043619,0.7130683022509049,-0.06302104912321514,0.9497497428595099,0.9560564567425791,
M56 subgroup: Car_ownership = No car ownership,Car_ownership,No car ownership,17,169,338,ReliabilityHigh,0.8144766028844476,1.6782751229437765,0.48530577123482344,0.6274594622602252,2.257993535709708,
M56 subgroup: Car_ownership = No car ownership,Car_ownership,No car ownership,17,169,338,ReliabilityMedium,0.015924606625877434,0.8962500425098607,0.017768040022940617,0.9858239011006331,1.0160520789238061,
M56 subgroup: Car_ownership = No car ownership,Car_ownership,No car ownership,17,169,338,Smart_CockpitAdvanced,0.7218210097159438,0.856601455951568,0.8426567626062444,0.39942043529871635,2.0581777618785497,
M56 subgroup: Car_ownership = No car ownership,Car_ownership,No car ownership,17,169,338,Smart_CockpitIntermediate,0.7741995415512359,0.7877219145257598,0.9828335701658563,0.325689356738343,2.1688553535767054,
M56 subgroup: Car_ownership = No car ownership,Car_ownership,No car ownership,17,169,338,Convenience_intDifficult,-0.37577752683562204,0.40285807734237916,-0.9327789312667993,0.3509341214975919,0.6867551006287164,
M56 subgroup: Car_ownership = No car ownership,Car_ownership,No car ownership,17,169,338,Convenience_intEasy,-0.026155708684123386,0.5582312894602993,-0.046854608793804535,0.9626291052671362,0.9741833889849099,
M56 subgroup: Car_ownership = No car ownership,Car_ownership,No car ownership,17,169,338,BEV_Easy,-0.14977954254901654,1.2995290805279462,-0.11525678400991778,0.9082415913807977,0.8608977468289628,
M56 subgroup: Car_ownership = No car ownership,Car_ownership,No car ownership,17,169,338,PowertrainBEV:ReliabilityHigh,0.9050887964536121,1.2692082688507549,0.7131129056330161,0.47577589413093996,2.4721514315914552,
M56 subgroup: Car_ownership = No car ownership,Car_ownership,No car ownership,17,169,338,PowertrainBEV:ReliabilityMedium,0.29941891735612935,1.2802258758232912,0.23387975747918563,0.8150783286214761,1.3490746559017732,
M56 subgroup: Car_ownership = No car ownership,Car_ownership,No car ownership,17,169,338,PowertrainBEV:Smart_CockpitAdvanced,-0.4832036233016801,0.614542578506067,-0.7862817650102168,0.43170243303299477,0.6168042148748498,
M56 subgroup: Car_ownership = No car ownership,Car_ownership,No car ownership,17,169,338,PowertrainBEV:Smart_CockpitIntermediate,-0.6629330971554165,0.8370888068354437,-0.7919507365790605,0.42838940152516586,0.5153375803918933,
